id,Target
1,8.99
2,12.98
3,5.25
4,11.39
5,10.18
6,11.73
7,10.27
8,7.3
9,9.87
10,9.58
11,10.8
12,8.32
13,10.69
14,8.11
15,14.72
16,12.56
17,13.36
18,6.34
19,9.58
20,10.67
21,9.39
22,9.94
23,8.44
24,7.89
25,14.97
26,6.14
27,10.37
28,14.31
29,13.11
30,9.37
31,6.45
32,9.99
33,6.26
34,10.83
35,9.72
36,8.39
37,11.38
38,10.24
39,11.3
40,9.05
41,10.96
42,9.33
43,8.96
44,13.4
45,6.17
46,9.28
47,8.52
48,10.55
49,10.19
50,9.37
51,9.51
52,11.2
53,11.7
54,10.54
55,9.18
56,9.45
57,10.85
58,10.12
59,10.38
60,6.57
61,12.83
62,14.76
63,6.95
64,16.77
65,12.35
66,13.41
67,8.02
68,9.27
69,11.92
70,9.75
71,9.87
72,9.23
73,7.49
74,8.9
75,10.5
76,8.76
77,10.85
78,9.77
79,8.56
80,9.09
81,12.82
82,12.16
83,10.33
84,6.32
85,10.31
86,6.03
87,9.48
88,7.55
89,7.36
90,11.18
91,12.62
92,9.7
93,9.75
94,13.28
95,9.64
96,11.21
97,10.32
98,10.8
99,8.8
100,11.79
101,10.48
102,10.07
103,12.5
104,10.52
105,12.17
106,7.51
107,10.29
108,9.45
109,9.02
110,10.38
111,10.59
112,13.07
113,14.37
114,9.78
115,9.86
116,10.07
117,9.35
118,7.82
119,8.36
120,13.14
121,9.89
122,11.82
123,11.05
124,7.33
125,5.98
126,10.88
127,12.0
128,11.85
129,12.59
130,12.43
131,6.99
132,7.92
133,5.25
134,9.79
135,12.01
136,14.46
137,8.79
138,8.86
139,7.76
140,8.73
141,10.14
142,6.82
143,10.36
144,10.42
145,11.06
146,10.43
147,10.93
148,9.66
149,3.69
150,10.49
151,10.87
152,6.86
153,6.37
154,11.92
155,10.35
156,6.81
157,10.65
158,11.24
159,7.65
160,10.36
161,12.18
162,6.19
163,8.82
164,14.25
165,10.18
166,6.51
167,6.34
168,14.85
169,9.55
170,16.01
171,5.47
172,10.08
173,11.2
174,12.05
175,7.1
176,10.38
177,8.02
178,10.49
179,12.8
180,10.76
181,8.44
182,9.71
183,9.51
184,10.13
185,8.89
186,10.72
187,8.64
188,10.13
189,9.64
190,13.05
191,9.32
192,11.82
193,9.38
194,6.39
195,11.68
196,8.61
197,9.87
198,8.96
199,10.94
200,7.36
201,8.2
202,11.05
203,10.86
204,7.37
205,8.65
206,8.89
207,10.22
208,9.36
209,16.85
210,8.54
211,9.8
212,8.55
213,10.59
214,8.54
215,10.29
216,9.29
217,9.62
218,13.8
219,7.65
220,9.4
221,5.51
222,14.96
223,11.9
224,6.52
225,11.0
226,6.19
227,10.43
228,8.57
229,9.21
230,9.49
231,10.04
232,8.84
233,8.16
234,10.41
235,13.44
236,5.97
237,8.9
238,10.09
239,10.72
240,12.51
241,9.94
242,12.3
243,7.61
244,5.64
245,13.16
246,12.03
247,13.25
248,9.96
249,6.53
250,11.29
251,9.38
252,8.71
253,8.13
254,12.41
255,10.41
256,7.42
257,8.87
258,9.88
259,8.18
260,7.66
261,11.81
262,14.92
263,13.01
264,10.69
265,3.49
266,10.06
267,14.3
268,5.5
269,9.13
270,13.8
271,11.98
272,7.18
273,12.71
274,13.07
275,8.16
276,12.8
277,12.84
278,14.39
279,8.8
280,12.75
281,4.08
282,9.56
283,5.23
284,9.02
285,11.19
286,8.63
287,10.15
288,10.01
289,9.09
290,6.42
291,9.66
292,7.04
293,8.88
294,8.85
295,14.03
296,7.68
297,10.25
298,9.03
299,10.01
300,9.77
301,8.21
302,8.89
303,9.95
304,13.1
305,9.54
306,15.1
307,8.24
308,8.59
309,5.78
310,10.36
311,12.69
312,13.78
313,8.04
314,10.12
315,12.07
316,9.8
317,9.28
318,8.55
319,9.45
320,8.94
321,11.89
322,5.73
323,11.38
324,5.08
325,7.99
326,11.18
327,9.04
328,13.19
329,9.68
330,12.7
331,10.76
332,9.44
333,9.33
334,7.51
335,11.59
336,9.73
337,8.74
338,10.79
339,9.54
340,15.42
341,10.28
342,10.04
343,12.48
344,8.79
345,5.55
346,14.25
347,12.2
348,12.72
349,13.98
350,11.47
351,7.75
352,11.19
353,11.19
354,10.82
355,9.69
356,8.55
357,9.04
358,10.26
359,14.97
360,16.03
361,12.04
362,9.45
363,10.35
364,8.89
365,9.83
366,17.42
367,9.08
368,9.24
369,8.85
370,11.78
371,7.12
372,9.22
373,9.32
374,10.25
375,9.73
376,8.22
377,8.97
378,6.54
379,8.47
380,11.04
381,10.74
382,10.23
383,12.44
384,9.59
385,9.63
386,10.38
387,11.41
388,10.05
389,12.77
390,10.4
391,9.99
392,11.39
393,8.57
394,8.88
395,10.13
396,8.51
397,10.94
398,13.58
399,7.72
400,15.24
401,13.47
402,7.79
403,8.99
404,7.5
405,12.09
406,10.7
407,11.48
408,8.38
409,11.02
410,9.49
411,7.95
412,7.78
413,9.34
414,9.59
415,10.51
416,9.85
417,9.51
418,3.98
419,12.49
420,9.36
421,10.77
422,7.91
423,5.49
424,8.94
425,10.66
426,11.24
427,11.22
428,10.22
429,10.63
430,10.14
431,10.38
432,7.48
433,7.33
434,13.2
435,11.19
436,10.42
437,8.52
438,8.26
439,13.43
440,10.49
441,9.58
442,10.56
443,9.9
444,10.71
445,11.53
446,4.91
447,10.18
448,11.45
449,10.09
450,14.05
451,12.09
452,9.69
453,9.44
454,9.49
455,11.67
456,7.57
457,11.94
458,10.11
459,10.75
460,8.81
461,11.61
462,8.89
463,8.56
464,6.13
465,8.37
466,8.57
467,9.74
468,8.02
469,10.93
470,6.59
471,11.0
472,11.01
473,9.31
474,11.25
475,11.77
476,8.0
477,9.56
478,10.46
479,9.86
480,10.99
481,12.61
482,10.85
483,8.84
484,9.07
485,13.28
486,10.45
487,10.86
488,10.85
489,13.43
490,10.64
491,15.28
492,9.45
493,7.51
494,12.17
495,11.12
496,12.88
497,10.4
498,8.27
499,8.83
500,9.15
501,7.58
502,9.6
503,14.74
504,10.43
505,10.71
506,8.09
507,8.41
508,10.61
509,9.33
510,8.9
511,9.91
512,11.13
513,7.17
514,11.34
515,12.6
516,9.94
517,8.99
518,10.05
519,5.59
520,8.57
521,10.0
522,14.41
523,7.69
524,8.44
525,12.21
526,10.03
527,15.33
528,12.49
529,7.61
530,11.74
531,11.26
532,13.75
533,12.61
534,10.3
535,10.9
536,8.21
537,11.54
538,7.62
539,13.4
540,10.58
541,13.45
542,4.81
543,10.73
544,9.99
545,12.51
546,10.19
547,15.55
548,9.87
549,11.16
550,9.09
551,10.12
552,10.95
553,8.17
554,11.43
555,11.98
556,7.35
557,9.45
558,7.41
559,14.91
560,13.86
561,18.68
562,10.57
563,9.44
564,10.32
565,9.91
566,8.66
567,7.32
568,11.43
569,11.84
570,9.04
571,9.05
572,11.69
573,8.99
574,11.16
575,9.14
576,10.85
577,9.36
578,7.28
579,9.95
580,11.29
581,10.32
582,7.65
583,6.68
584,10.65
585,11.04
586,8.89
587,8.55
588,9.76
589,12.81
590,10.49
591,9.72
592,9.18
593,3.76
594,9.6
595,10.46
596,9.6
597,9.66
598,6.36
599,9.81
600,7.61
601,15.74
602,9.48
603,9.55
604,12.0
605,8.76
606,7.61
607,10.06
608,10.58
609,10.27
610,7.92
611,9.28
612,9.4
613,9.02
614,8.14
615,9.87
616,6.02
617,13.72
618,7.68
619,11.57
620,11.96
621,9.9
622,8.4
623,13.41
624,10.77
625,9.75
626,8.36
627,16.08
628,10.25
629,10.95
630,16.44
631,13.75
632,10.62
633,14.06
634,11.6
635,9.17
636,10.06
637,8.71
638,9.89
639,8.19
640,4.1
641,14.08
642,15.31
643,13.08
644,12.81
645,9.81
646,10.55
647,8.82
648,8.69
649,12.2
650,10.56
651,11.2
652,9.63
653,10.31
654,11.01
655,10.19
656,7.78
657,5.19
658,13.18
659,7.82
660,9.12
661,7.96
662,10.59
663,10.26
664,12.43
665,10.55
666,13.74
667,9.9
668,8.32
669,11.56
670,8.28
671,9.69
672,11.49
673,5.25
674,13.84
675,12.02
676,12.94
677,15.66
678,12.95
679,11.42
680,10.93
681,7.4
682,8.7
683,9.97
684,16.2
685,13.99
686,14.89
687,8.71
688,13.33
689,3.92
690,11.46
691,3.63
692,9.73
693,10.22
694,11.16
695,10.26
696,12.82
697,11.21
698,10.47
699,10.48
700,11.97
701,8.11
702,6.96
703,9.22
704,9.36
705,9.22
706,14.86
707,10.71
708,8.88
709,13.28
710,7.58
711,9.66
712,6.8
713,10.15
714,12.3
715,9.42
716,8.93
717,6.21
718,4.05
719,12.87
720,10.34
721,11.89
722,8.17
723,3.88
724,11.15
725,10.24
726,11.51
727,11.44
728,8.57
729,11.31
730,7.66
731,9.13
732,9.87
733,8.92
734,8.5
735,4.37
736,8.46
737,11.48
738,6.36
739,10.34
740,12.39
741,9.66
742,10.88
743,14.52
744,13.76
745,8.45
746,12.56
747,12.7
748,6.73
749,11.46
750,9.71
751,3.93
752,13.92
753,9.32
754,8.77
755,10.33
756,12.42
757,18.37
758,11.84
759,13.11
760,10.25
761,10.65
762,8.4
763,9.81
764,12.84
765,10.39
766,6.85
767,7.96
768,13.97
769,10.25
770,11.43
771,11.89
772,9.5
773,12.18
774,9.64
775,7.38
776,9.56
777,8.67
778,10.08
779,10.42
780,8.25
781,11.12
782,10.94
783,10.2
784,9.92
785,10.67
786,8.42
787,10.29
788,8.17
789,4.33
790,10.56
791,10.8
792,5.02
793,9.99
794,10.2
795,8.38
796,6.87
797,12.34
798,9.0
799,8.26
800,8.77
801,16.29
802,8.3
803,8.55
804,10.14
805,10.46
806,8.78
807,10.42
808,7.46
809,10.64
810,8.95
811,10.86
812,7.68
813,15.38
814,14.66
815,8.94
816,9.99
817,9.1
818,8.9
819,6.8
820,10.58
821,9.56
822,12.82
823,12.71
824,9.62
825,10.84
826,10.19
827,4.06
828,7.47
829,7.97
830,14.65
831,10.34
832,6.17
833,3.08
834,11.6
835,5.01
836,11.98
837,11.19
838,17.62
839,8.93
840,8.8
841,8.48
842,10.72
843,8.49
844,6.54
845,11.6
846,9.15
847,9.75
848,11.62
849,8.04
850,10.32
851,9.55
852,7.61
853,15.95
854,10.72
855,8.92
856,9.59
857,5.89
858,10.8
859,9.29
860,10.05
861,10.68
862,10.27
863,8.19
864,7.92
865,4.97
866,10.3
867,8.34
868,8.96
869,7.06
870,6.54
871,12.56
872,11.38
873,10.48
874,10.31
875,8.11
876,10.19
877,12.66
878,10.58
879,10.66
880,10.25
881,6.41
882,9.61
883,8.73
884,10.02
885,12.12
886,7.01
887,9.56
888,9.34
889,7.89
890,8.4
891,8.24
892,8.35
893,12.34
894,11.1
895,11.67
896,6.91
897,9.64
898,7.21
899,9.64
900,8.97
901,8.95
902,8.22
903,10.27
904,8.78
905,9.39
906,9.3
907,8.94
908,9.94
909,10.48
910,12.7
911,9.27
912,15.17
913,10.48
914,8.38
915,10.51
916,8.64
917,7.11
918,9.29
919,12.48
920,10.77
921,7.86
922,13.79
923,9.29
924,9.0
925,8.91
926,9.06
927,5.68
928,12.58
929,12.57
930,8.56
931,6.0
932,12.46
933,10.3
934,9.8
935,11.46
936,8.76
937,11.95
938,9.95
939,8.94
940,9.47
941,9.6
942,9.97
943,9.25
944,10.48
945,11.5
946,9.35
947,8.95
948,7.91
949,9.38
950,9.57
951,14.54
952,10.82
953,11.04
954,11.24
955,9.05
956,8.32
957,10.56
958,6.44
959,7.35
960,11.04
961,10.83
962,7.45
963,7.32
964,8.74
965,13.18
966,8.06
967,7.5
968,9.77
969,6.34
970,13.64
971,5.06
972,10.99
973,14.85
974,15.44
975,11.3
976,10.1
977,9.38
978,11.8
979,10.49
980,10.05
981,10.89
982,10.96
983,11.51
984,8.73
985,6.13
986,16.79
987,7.01
988,16.97
989,9.42
990,6.84
991,8.66
992,9.52
993,11.44
994,10.48
995,9.42
996,12.3
997,9.27
998,9.39
999,10.37
1000,5.58
1001,13.52
1002,14.39
1003,13.26
1004,9.29
1005,11.0
1006,12.41
1007,4.33
1008,10.73
1009,12.17
1010,9.85
1011,14.65
1012,13.71
1013,10.12
1014,8.52
1015,4.25
1016,11.01
1017,10.16
1018,8.13
1019,13.23
1020,9.18
1021,10.18
1022,9.7
1023,11.49
1024,9.82
1025,10.44
1026,8.0
1027,9.04
1028,10.18
1029,13.12
1030,13.03
1031,10.22
1032,12.36
1033,10.07
1034,14.28
1035,10.26
1036,8.56
1037,11.8
1038,10.89
1039,8.97
1040,10.35
1041,10.99
1042,8.76
1043,5.02
1044,9.93
1045,11.06
1046,12.34
1047,3.94
1048,10.11
1049,11.1
1050,10.26
1051,8.99
1052,10.64
1053,11.37
1054,12.25
1055,10.03
1056,10.08
1057,8.74
1058,16.52
1059,10.46
1060,8.3
1061,11.17
1062,10.92
1063,8.1
1064,10.73
1065,9.49
1066,8.89
1067,9.03
1068,10.83
1069,12.12
1070,10.19
1071,11.64
1072,9.1
1073,13.45
1074,8.8
1075,8.39
1076,11.56
1077,9.6
1078,14.45
1079,10.68
1080,10.9
1081,12.14
1082,10.89
1083,12.19
1084,10.48
1085,9.71
1086,9.59
1087,7.83
1088,11.16
1089,13.82
1090,11.87
1091,9.97
1092,8.96
1093,9.07
1094,8.22
1095,11.99
1096,9.19
1097,4.94
1098,9.44
1099,11.98
1100,9.25
1101,9.49
1102,7.66
1103,10.92
1104,7.44
1105,4.21
1106,9.85
1107,10.0
1108,9.17
1109,9.36
1110,7.49
1111,8.76
1112,9.73
1113,10.01
1114,10.15
1115,10.31
1116,7.34
1117,13.95
1118,10.01
1119,8.67
1120,4.66
1121,9.38
1122,12.34
1123,11.28
1124,5.67
1125,8.41
1126,9.33
1127,12.56
1128,10.9
1129,10.37
1130,12.17
1131,11.84
1132,9.97
1133,8.03
1134,10.13
1135,10.07
1136,8.16
1137,8.11
1138,9.34
1139,14.47
1140,4.23
1141,7.87
1142,10.6
1143,12.62
1144,9.45
1145,8.32
1146,9.72
1147,10.15
1148,10.06
1149,9.49
1150,9.17
1151,9.54
1152,13.0
1153,10.82
1154,9.89
1155,11.2
1156,8.27
1157,9.38
1158,9.6
1159,11.72
1160,11.68
1161,11.05
1162,5.39
1163,11.38
1164,9.82
1165,9.55
1166,10.47
1167,8.97
1168,10.03
1169,12.36
1170,9.27
1171,11.74
1172,10.07
1173,11.62
1174,14.27
1175,11.14
1176,10.13
1177,11.09
1178,12.82
1179,12.01
1180,11.28
1181,10.37
1182,7.43
1183,10.39
1184,11.79
1185,8.76
1186,13.33
1187,10.26
1188,9.98
1189,9.71
1190,6.18
1191,7.91
1192,9.19
1193,11.21
1194,9.0
1195,10.67
1196,9.79
1197,8.79
1198,7.4
1199,13.38
1200,8.67
1201,9.74
1202,5.13
1203,10.63
1204,10.76
1205,13.2
1206,9.78
1207,9.81
1208,12.81
1209,6.48
1210,10.0
1211,9.29
1212,9.52
1213,6.63
1214,10.95
1215,8.86
1216,10.27
1217,8.07
1218,13.58
1219,12.89
1220,12.67
1221,9.97
1222,11.9
1223,7.08
1224,8.7
1225,6.87
1226,8.44
1227,16.9
1228,8.83
1229,9.3
1230,10.95
1231,10.84
1232,9.91
1233,9.02
1234,11.31
1235,11.6
1236,11.29
1237,16.36
1238,8.6
1239,12.91
1240,10.93
1241,9.29
1242,16.52
1243,9.68
1244,9.32
1245,11.42
1246,11.27
1247,8.33
1248,9.57
1249,11.99
1250,12.27
1251,7.36
1252,7.44
1253,6.78
1254,10.94
1255,13.71
1256,7.75
1257,6.94
1258,8.16
1259,10.15
1260,10.93
1261,10.3
1262,10.34
1263,9.57
1264,9.57
1265,15.32
1266,8.94
1267,10.39
1268,13.14
1269,9.95
1270,7.89
1271,13.77
1272,12.9
1273,9.04
1274,15.77
1275,7.77
1276,8.77
1277,7.91
1278,11.75
1279,9.17
1280,9.14
1281,14.0
1282,11.45
1283,14.16
1284,15.36
1285,10.68
1286,10.49
1287,9.5
1288,8.17
1289,8.25
1290,9.65
1291,11.14
1292,10.0
1293,8.97
1294,9.91
1295,9.24
1296,9.55
1297,12.92
1298,6.5
1299,9.94
1300,10.64
1301,9.42
1302,9.25
1303,8.62
1304,9.81
1305,9.43
1306,10.78
1307,8.85
1308,4.39
1309,8.63
1310,9.27
1311,11.12
1312,8.76
1313,10.79
1314,7.25
1315,11.84
1316,10.89
1317,4.14
1318,8.51
1319,13.6
1320,11.89
1321,11.51
1322,11.39
1323,8.64
1324,11.35
1325,9.4
1326,11.97
1327,8.54
1328,11.72
1329,6.52
1330,11.38
1331,13.11
1332,7.75
1333,9.38
1334,10.06
1335,7.13
1336,10.83
1337,9.62
1338,15.45
1339,8.6
1340,14.83
1341,12.16
1342,14.3
1343,8.86
1344,8.14
1345,10.54
1346,9.79
1347,10.86
1348,5.62
1349,13.6
1350,10.53
1351,6.51
1352,7.91
1353,7.99
1354,8.58
1355,9.88
1356,9.98
1357,8.45
1358,8.21
1359,7.55
1360,6.7
1361,9.83
1362,11.39
1363,10.56
1364,8.85
1365,7.61
1366,14.51
1367,8.06
1368,8.76
1369,10.46
1370,10.28
1371,7.96
1372,12.35
1373,9.07
1374,9.46
1375,8.01
1376,9.94
1377,14.4
1378,7.6
1379,11.12
1380,10.46
1381,8.14
1382,15.57
1383,11.96
1384,12.28
1385,10.21
1386,6.3
1387,12.81
1388,7.11
1389,10.59
1390,12.6
1391,18.37
1392,6.56
1393,11.02
1394,10.53
1395,8.93
1396,8.76
1397,9.3
1398,9.74
1399,7.5
1400,8.39
1401,8.92
1402,10.4
1403,9.61
1404,9.71
1405,10.41
1406,9.61
1407,12.15
1408,11.11
1409,8.85
1410,15.26
1411,11.55
1412,11.14
1413,10.38
1414,11.48
1415,6.25
1416,11.05
1417,6.18
1418,11.04
1419,9.84
1420,9.68
1421,11.58
1422,9.9
1423,9.4
1424,7.13
1425,9.45
1426,9.39
1427,8.12
1428,7.92
1429,7.45
1430,12.8
1431,9.49
1432,5.5
1433,10.1
1434,7.48
1435,5.36
1436,8.19
1437,8.47
1438,12.43
1439,10.7
1440,13.23
1441,10.36
1442,14.46
1443,9.49
1444,7.47
1445,8.74
1446,9.08
1447,4.25
1448,8.88
1449,8.09
1450,3.8
1451,10.96
1452,11.5
1453,10.69
1454,8.76
1455,9.55
1456,15.93
1457,6.7
1458,11.34
1459,11.0
1460,8.86
1461,9.86
1462,12.08
1463,10.76
1464,12.19
1465,9.28
1466,10.15
1467,11.68
1468,8.46
1469,9.08
1470,9.23
1471,9.67
1472,9.4
1473,10.49
1474,7.5
1475,10.42
1476,9.6
1477,10.45
1478,4.12
1479,9.45
1480,13.56
1481,9.88
1482,5.43
1483,13.71
1484,9.84
1485,7.4
1486,8.85
1487,11.29
1488,9.97
1489,17.64
1490,10.3
1491,7.98
1492,9.95
1493,13.23
1494,9.67
1495,8.84
1496,9.62
1497,7.64
1498,12.81
1499,7.9
1500,13.9
1501,10.01
1502,11.58
1503,12.8
1504,6.51
1505,9.45
1506,8.54
1507,6.13
1508,16.19
1509,9.25
1510,10.26
1511,9.48
1512,12.36
1513,9.93
1514,9.07
1515,8.03
1516,5.5
1517,11.51
1518,8.53
1519,11.09
1520,16.22
1521,9.91
1522,7.5
1523,12.31
1524,15.84
1525,7.75
1526,10.03
1527,10.01
1528,10.73
1529,8.68
1530,9.33
1531,9.3
1532,9.18
1533,9.12
1534,10.81
1535,6.47
1536,8.76
1537,12.72
1538,10.87
1539,8.63
1540,13.28
1541,8.65
1542,8.15
1543,10.65
1544,5.46
1545,9.68
1546,6.53
1547,9.59
1548,9.66
1549,11.31
1550,11.68
1551,9.33
1552,11.36
1553,9.24
1554,7.94
1555,5.58
1556,12.67
1557,11.64
1558,9.37
1559,9.0
1560,4.02
1561,10.7
1562,5.6
1563,9.42
1564,13.98
1565,16.15
1566,6.33
1567,7.42
1568,6.38
1569,10.35
1570,11.4
1571,8.9
1572,5.71
1573,10.46
1574,8.16
1575,10.9
1576,12.31
1577,11.72
1578,10.05
1579,12.43
1580,4.11
1581,9.81
1582,10.08
1583,11.51
1584,3.25
1585,10.97
1586,7.49
1587,6.57
1588,9.22
1589,10.78
1590,11.87
1591,8.02
1592,9.11
1593,9.09
1594,11.27
1595,11.84
1596,8.99
1597,9.98
1598,7.74
1599,10.23
1600,8.11
1601,11.0
1602,9.63
1603,7.98
1604,15.58
1605,10.53
1606,9.38
1607,8.66
1608,9.18
1609,8.99
1610,10.82
1611,9.94
1612,15.61
1613,9.54
1614,9.87
1615,10.64
1616,9.9
1617,7.75
1618,8.76
1619,4.95
1620,8.75
1621,9.43
1622,4.85
1623,9.43
1624,10.6
1625,13.73
1626,7.77
1627,9.03
1628,12.63
1629,8.77
1630,9.37
1631,11.09
1632,7.29
1633,10.74
1634,10.99
1635,10.96
1636,7.2
1637,9.48
1638,8.65
1639,9.63
1640,9.87
1641,7.44
1642,5.16
1643,11.27
1644,10.04
1645,9.29
1646,10.8
1647,12.6
1648,9.51
1649,7.58
1650,14.79
1651,8.39
1652,12.92
1653,12.87
1654,13.25
1655,9.73
1656,10.86
1657,10.3
1658,8.93
1659,9.42
1660,8.93
1661,7.93
1662,10.96
1663,8.98
1664,10.04
1665,7.08
1666,11.51
1667,7.68
1668,13.55
1669,8.85
1670,7.22
1671,12.41
1672,7.8
1673,9.01
1674,3.82
1675,12.45
1676,12.08
1677,16.07
1678,5.54
1679,8.18
1680,11.71
1681,10.67
1682,10.12
1683,11.58
1684,8.43
1685,14.97
1686,10.9
1687,5.68
1688,10.6
1689,10.19
1690,8.93
1691,10.06
1692,10.1
1693,4.94
1694,11.94
1695,10.06
1696,10.7
1697,10.31
1698,4.36
1699,8.29
1700,8.26
1701,7.13
1702,9.84
1703,15.18
1704,5.26
1705,8.29
1706,6.27
1707,13.78
1708,7.56
1709,7.49
1710,9.31
1711,11.42
1712,9.7
1713,11.13
1714,7.17
1715,9.5
1716,12.56
1717,10.42
1718,9.29
1719,9.94
1720,9.42
1721,7.08
1722,9.67
1723,3.86
1724,7.68
1725,13.11
1726,14.0
1727,8.59
1728,6.1
1729,10.11
1730,10.3
1731,10.59
1732,11.05
1733,4.15
1734,8.17
1735,11.13
1736,9.5
1737,10.79
1738,9.55
1739,6.74
1740,9.44
1741,10.69
1742,9.25
1743,10.27
1744,10.76
1745,9.17
1746,9.53
1747,10.04
1748,12.12
1749,12.45
1750,9.78
1751,13.27
1752,7.4
1753,10.49
1754,11.62
1755,10.6
1756,10.02
1757,7.46
1758,10.54
1759,9.96
1760,5.28
1761,11.84
1762,11.22
1763,8.69
1764,4.09
1765,5.28
1766,9.29
1767,9.47
1768,8.95
1769,11.52
1770,8.62
1771,6.86
1772,9.69
1773,9.65
1774,10.41
1775,9.24
1776,10.58
1777,15.88
1778,12.18
1779,15.66
1780,8.95
1781,10.34
1782,10.34
1783,9.83
1784,10.92
1785,10.14
1786,8.21
1787,9.55
1788,10.57
1789,10.13
1790,9.26
1791,8.57
1792,10.7
1793,6.57
1794,12.58
1795,10.28
1796,8.19
1797,10.58
1798,10.17
1799,9.14
1800,10.27
1801,10.16
1802,9.29
1803,9.44
1804,13.33
1805,8.89
1806,11.9
1807,10.76
1808,10.17
1809,9.58
1810,10.95
1811,4.34
1812,9.51
1813,11.72
1814,8.19
1815,6.59
1816,14.67
1817,9.47
1818,9.37
1819,10.36
1820,8.5
1821,4.17
1822,9.35
1823,8.96
1824,11.31
1825,7.33
1826,10.4
1827,10.36
1828,8.88
1829,12.82
1830,9.15
1831,10.57
1832,10.25
1833,9.59
1834,12.45
1835,13.44
1836,12.79
1837,11.8
1838,12.51
1839,13.21
1840,12.1
1841,7.82
1842,10.29
1843,10.62
1844,6.36
1845,10.15
1846,4.13
1847,5.54
1848,14.79
1849,13.88
1850,10.24
1851,5.16
1852,8.95
1853,6.47
1854,7.21
1855,9.13
1856,9.72
1857,6.06
1858,11.56
1859,9.98
1860,9.56
1861,9.21
1862,10.29
1863,7.14
1864,9.55
1865,8.6
1866,5.23
1867,10.23
1868,10.33
1869,10.82
1870,12.47
1871,9.79
1872,9.42
1873,14.05
1874,11.53
1875,11.17
1876,4.43
1877,9.21
1878,11.73
1879,5.65
1880,9.2
1881,8.3
1882,9.47
1883,11.72
1884,8.54
1885,7.96
1886,10.55
1887,8.81
1888,7.39
1889,12.84
1890,10.35
1891,11.11
1892,10.74
1893,10.26
1894,7.49
1895,12.34
1896,9.93
1897,8.78
1898,7.97
1899,13.05
1900,7.1
1901,8.98
1902,12.66
1903,9.7
1904,10.14
1905,10.1
1906,11.46
1907,8.41
1908,9.5
1909,14.35
1910,9.78
1911,8.84
1912,9.19
1913,6.54
1914,10.75
1915,12.06
1916,11.83
1917,9.44
1918,9.49
1919,9.22
1920,11.28
1921,10.45
1922,6.54
1923,9.81
1924,5.75
1925,9.8
1926,9.69
1927,8.6
1928,8.99
1929,9.34
1930,7.02
1931,12.51
1932,12.79
1933,12.76
1934,8.88
1935,10.03
1936,10.16
1937,9.62
1938,9.35
1939,11.62
1940,8.66
1941,9.1
1942,12.41
1943,4.26
1944,9.68
1945,8.76
1946,12.32
1947,10.43
1948,9.95
1949,12.49
1950,14.25
1951,10.23
1952,5.42
1953,7.99
1954,7.65
1955,10.29
1956,8.67
1957,8.83
1958,10.17
1959,13.49
1960,9.82
1961,10.28
1962,10.29
1963,17.96
1964,7.36
1965,11.32
1966,15.51
1967,9.94
1968,9.57
1969,9.74
1970,9.17
1971,11.48
1972,11.94
1973,10.27
1974,10.65
1975,9.81
1976,9.99
1977,9.91
1978,7.81
1979,10.83
1980,10.78
1981,12.93
1982,8.72
1983,6.26
1984,8.76
1985,6.71
1986,11.19
1987,15.2
1988,9.99
1989,9.49
1990,4.56
1991,10.59
1992,10.04
1993,9.92
1994,10.73
1995,5.04
1996,8.42
1997,15.81
1998,13.89
1999,7.99
2000,9.98
2001,8.32
2002,9.33
2003,9.72
2004,8.71
2005,9.93
2006,9.73
2007,10.36
2008,16.28
2009,11.0
2010,9.18
2011,4.42
2012,9.91
2013,15.87
2014,7.3
2015,11.45
2016,5.52
2017,11.33
2018,9.2
2019,10.1
2020,10.88
2021,9.08
2022,16.81
2023,12.18
2024,8.71
2025,10.62
2026,10.54
2027,10.06
2028,6.36
2029,10.26
2030,9.43
2031,12.35
2032,10.01
2033,11.81
2034,12.65
2035,8.96
2036,8.71
2037,8.54
2038,8.68
2039,13.19
2040,11.78
2041,8.82
2042,10.17
2043,9.71
2044,10.68
2045,7.87
2046,10.85
2047,9.84
2048,9.36
2049,8.99
2050,5.22
2051,8.86
2052,10.19
2053,14.41
2054,12.92
2055,8.5
2056,3.83
2057,5.85
2058,10.53
2059,9.25
2060,9.09
2061,9.82
2062,9.65
2063,9.3
2064,11.08
2065,14.26
2066,12.36
2067,10.62
2068,7.99
2069,10.51
2070,8.57
2071,7.87
2072,7.8
2073,11.31
2074,6.82
2075,7.19
2076,8.86
2077,9.35
2078,11.21
2079,8.58
2080,8.82
2081,11.49
2082,11.13
2083,6.45
2084,9.39
2085,9.47
2086,10.39
2087,7.11
2088,6.81
2089,6.88
2090,17.31
2091,15.73
2092,12.35
2093,11.52
2094,15.3
2095,9.59
2096,12.59
2097,12.55
2098,9.96
2099,8.05
2100,15.58
2101,9.64
2102,17.85
2103,9.68
2104,10.64
2105,8.56
2106,14.91
2107,11.42
2108,11.29
2109,9.59
2110,8.72
2111,13.56
2112,7.9
2113,13.21
2114,9.52
2115,16.85
2116,10.83
2117,7.56
2118,17.92
2119,9.37
2120,10.6
2121,11.81
2122,11.86
2123,6.35
2124,14.17
2125,10.81
2126,8.91
2127,8.56
2128,8.41
2129,16.62
2130,10.23
2131,8.55
2132,11.29
2133,12.4
2134,15.03
2135,10.8
2136,5.7
2137,9.15
2138,10.15
2139,8.69
2140,11.81
2141,10.41
2142,11.08
2143,7.94
2144,11.05
2145,7.91
2146,8.72
2147,13.54
2148,9.92
2149,9.46
2150,7.69
2151,9.03
2152,10.6
2153,9.71
2154,10.85
2155,9.31
2156,10.43
2157,7.43
2158,11.59
2159,15.11
2160,4.23
2161,5.59
2162,7.93
2163,5.19
2164,12.72
2165,13.47
2166,8.56
2167,9.14
2168,10.76
2169,9.61
2170,7.22
2171,11.84
2172,7.43
2173,3.58
2174,8.27
2175,11.39
2176,12.44
2177,5.48
2178,8.23
2179,7.94
2180,9.87
2181,11.07
2182,12.61
2183,12.1
2184,10.96
2185,11.69
2186,9.81
2187,9.5
2188,9.52
2189,8.8
2190,11.9
2191,5.5
2192,7.79
2193,10.89
2194,9.83
2195,4.23
2196,10.33
2197,9.44
2198,4.05
2199,10.84
2200,11.42
2201,11.06
2202,9.34
2203,10.88
2204,12.08
2205,11.59
2206,9.19
2207,7.55
2208,7.08
2209,9.69
2210,7.71
2211,13.39
2212,9.48
2213,8.67
2214,11.58
2215,6.76
2216,6.93
2217,9.31
2218,11.46
2219,14.5
2220,10.48
2221,9.41
2222,14.12
2223,10.96
2224,9.01
2225,9.71
2226,11.08
2227,5.13
2228,9.98
2229,12.05
2230,11.91
2231,10.82
2232,19.07
2233,3.74
2234,8.54
2235,11.06
2236,8.29
2237,11.23
2238,10.45
2239,6.39
2240,12.41
2241,9.92
2242,4.24
2243,9.3
2244,10.42
2245,11.48
2246,8.31
2247,9.94
2248,5.26
2249,5.86
2250,10.79
2251,10.66
2252,8.01
2253,12.68
2254,11.59
2255,9.95
2256,10.73
2257,10.78
2258,6.64
2259,7.34
2260,10.0
2261,5.71
2262,9.44
2263,9.41
2264,6.65
2265,9.24
2266,8.66
2267,9.92
2268,11.8
2269,8.19
2270,5.44
2271,10.57
2272,16.12
2273,9.22
2274,9.04
2275,9.15
2276,10.08
2277,10.3
2278,11.52
2279,11.43
2280,11.71
2281,7.76
2282,9.61
2283,10.76
2284,8.36
2285,8.08
2286,11.77
2287,8.19
2288,10.71
2289,8.74
2290,7.39
2291,12.46
2292,8.69
2293,10.88
2294,5.29
2295,8.7
2296,10.08
2297,10.07
2298,10.25
2299,12.3
2300,9.08
2301,11.25
2302,9.53
2303,9.11
2304,14.66
2305,9.5
2306,7.18
2307,12.44
2308,10.06
2309,10.55
2310,12.71
2311,6.61
2312,5.24
2313,4.17
2314,13.33
2315,13.21
2316,15.29
2317,4.49
2318,10.72
2319,9.42
2320,9.05
2321,10.35
2322,5.61
2323,9.1
2324,11.42
2325,9.92
2326,9.91
2327,10.82
2328,8.43
2329,5.63
2330,9.1
2331,8.08
2332,10.51
2333,11.3
2334,11.08
2335,4.15
2336,7.78
2337,11.15
2338,10.46
2339,8.42
2340,11.35
2341,11.34
2342,10.84
2343,6.01
2344,11.05
2345,10.24
2346,10.08
2347,10.33
2348,8.5
2349,8.17
2350,9.54
2351,11.12
2352,12.18
2353,8.88
2354,10.79
2355,8.54
2356,11.66
2357,9.41
2358,10.34
2359,11.31
2360,6.24
2361,9.24
2362,10.4
2363,10.69
2364,10.76
2365,12.03
2366,10.43
2367,7.53
2368,9.34
2369,10.38
2370,6.52
2371,9.44
2372,9.55
2373,8.95
2374,5.41
2375,9.5
2376,8.34
2377,10.98
2378,7.34
2379,6.26
2380,9.52
2381,14.06
2382,13.15
2383,6.37
2384,9.6
2385,10.37
2386,13.35
2387,10.17
2388,10.62
2389,8.82
2390,7.03
2391,8.56
2392,11.47
2393,8.31
2394,9.3
2395,9.95
2396,5.47
2397,9.98
2398,10.62
2399,11.46
2400,8.43
2401,8.96
2402,10.33
2403,10.19
2404,8.7
2405,12.85
2406,10.01
2407,12.03
2408,12.56
2409,9.35
2410,9.93
2411,8.97
2412,9.45
2413,10.64
2414,8.48
2415,8.84
2416,9.82
2417,11.43
2418,9.01
2419,7.49
2420,8.46
2421,10.25
2422,8.56
2423,14.28
2424,8.43
2425,9.05
2426,11.97
2427,11.25
2428,10.2
2429,10.16
2430,16.11
2431,10.32
2432,7.18
2433,11.06
2434,5.35
2435,7.9
2436,9.33
2437,7.32
2438,9.49
2439,10.06
2440,10.23
2441,11.25
2442,10.69
2443,10.94
2444,10.76
2445,10.09
2446,12.36
2447,7.87
2448,12.51
2449,9.66
2450,10.21
2451,11.54
2452,10.52
2453,10.48
2454,16.05
2455,10.58
2456,10.01
2457,10.53
2458,10.28
2459,6.68
2460,7.97
2461,14.41
2462,9.95
2463,13.24
2464,6.93
2465,14.96
2466,11.59
2467,8.88
2468,6.7
2469,10.36
2470,11.33
2471,13.14
2472,12.32
2473,13.66
2474,9.33
2475,10.28
2476,8.11
2477,8.63
2478,13.52
2479,9.93
2480,12.16
2481,13.78
2482,8.89
2483,9.53
2484,9.48
2485,9.23
2486,10.74
2487,17.9
2488,10.4
2489,10.11
2490,9.78
2491,8.36
2492,9.8
2493,8.45
2494,8.88
2495,9.07
2496,10.79
2497,10.17
2498,10.99
2499,6.28
2500,10.97
2501,9.93
2502,15.01
2503,9.37
2504,11.75
2505,9.65
2506,9.46
2507,9.07
2508,14.56
2509,14.42
2510,11.3
2511,11.47
2512,9.73
2513,10.04
2514,8.15
2515,9.04
2516,8.82
2517,10.59
2518,8.23
2519,8.16
2520,11.58
2521,8.86
2522,7.72
2523,11.1
2524,8.6
2525,4.34
2526,10.35
2527,13.53
2528,7.5
2529,9.25
2530,10.24
2531,8.82
2532,9.05
2533,6.43
2534,8.95
2535,8.28
2536,10.0
2537,8.96
2538,10.6
2539,10.34
2540,15.76
2541,14.81
2542,8.79
2543,9.42
2544,12.84
2545,13.18
2546,10.27
2547,9.71
2548,8.72
2549,13.37
2550,9.48
2551,8.25
2552,7.7
2553,9.05
2554,7.01
2555,9.33
2556,16.02
2557,10.18
2558,11.38
2559,9.28
2560,5.77
2561,9.14
2562,8.65
2563,11.24
2564,6.29
2565,10.93
2566,4.22
2567,10.6
2568,10.07
2569,10.74
2570,10.49
2571,9.42
2572,10.19
2573,10.47
2574,11.9
2575,10.83
2576,13.17
2577,10.37
2578,7.79
2579,10.15
2580,5.27
2581,7.21
2582,10.38
2583,9.95
2584,9.93
2585,9.0
2586,10.92
2587,10.4
2588,12.35
2589,14.34
2590,11.31
2591,10.53
2592,6.93
2593,10.98
2594,14.34
2595,9.78
2596,8.35
2597,10.98
2598,8.76
2599,13.84
2600,10.24
2601,6.09
2602,10.96
2603,13.01
2604,15.51
2605,10.13
2606,10.3
2607,10.78
2608,8.15
2609,10.89
2610,9.81
2611,7.87
2612,5.6
2613,6.99
2614,11.0
2615,11.71
2616,9.45
2617,12.4
2618,9.83
2619,11.9
2620,10.55
2621,14.82
2622,11.25
2623,8.11
2624,9.29
2625,6.6
2626,9.75
2627,12.52
2628,8.98
2629,5.38
2630,12.52
2631,12.76
2632,9.11
2633,15.57
2634,11.68
2635,9.52
2636,10.47
2637,8.95
2638,9.38
2639,8.25
2640,8.87
2641,8.95
2642,10.51
2643,8.13
2644,12.5
2645,11.15
2646,11.11
2647,5.16
2648,12.03
2649,10.88
2650,11.04
2651,8.56
2652,8.48
2653,11.25
2654,13.14
2655,6.04
2656,8.79
2657,10.28
2658,4.15
2659,10.95
2660,14.33
2661,8.57
2662,10.79
2663,10.17
2664,11.35
2665,4.09
2666,10.42
2667,9.52
2668,10.23
2669,14.66
2670,9.7
2671,9.55
2672,16.59
2673,7.61
2674,14.93
2675,8.0
2676,9.16
2677,11.14
2678,11.49
2679,10.01
2680,6.22
2681,5.45
2682,9.66
2683,9.56
2684,9.13
2685,10.81
2686,11.84
2687,10.16
2688,7.31
2689,10.91
2690,10.39
2691,13.27
2692,10.71
2693,10.9
2694,10.61
2695,10.79
2696,8.03
2697,9.92
2698,9.96
2699,6.11
2700,11.68
2701,9.66
2702,8.6
2703,10.06
2704,15.23
2705,11.05
2706,10.05
2707,9.83
2708,10.88
2709,12.23
2710,10.67
2711,11.46
2712,11.64
2713,9.67
2714,8.06
2715,7.44
2716,9.72
2717,13.66
2718,11.36
2719,10.14
2720,8.61
2721,9.05
2722,14.2
2723,15.89
2724,8.66
2725,16.12
2726,9.87
2727,12.23
2728,14.86
2729,8.2
2730,12.09
2731,10.04
2732,5.44
2733,10.42
2734,9.28
2735,9.7
2736,11.52
2737,8.49
2738,11.15
2739,6.99
2740,7.97
2741,7.35
2742,10.16
2743,10.27
2744,7.76
2745,11.73
2746,8.96
2747,9.73
2748,11.48
2749,9.21
2750,12.79
2751,10.13
2752,15.89
2753,11.31
2754,10.49
2755,10.6
2756,9.15
2757,10.15
2758,7.67
2759,8.47
2760,8.77
2761,6.87
2762,9.82
2763,7.66
2764,9.17
2765,13.45
2766,11.95
2767,14.24
2768,10.88
2769,10.57
2770,10.11
2771,9.91
2772,10.34
2773,9.36
2774,8.34
2775,12.52
2776,10.78
2777,10.92
2778,9.4
2779,6.4
2780,9.0
2781,12.22
2782,10.57
2783,9.34
2784,6.65
2785,10.07
2786,8.35
2787,13.35
2788,13.02
2789,11.09
2790,12.58
2791,7.62
2792,15.67
2793,13.14
2794,9.54
2795,8.89
2796,6.99
2797,9.62
2798,11.69
2799,11.24
2800,9.35
2801,8.94
2802,12.46
2803,12.21
2804,9.77
2805,8.75
2806,10.36
2807,11.7
2808,9.73
2809,9.92
2810,11.44
2811,13.72
2812,4.13
2813,10.54
2814,12.21
2815,9.92
2816,8.69
2817,10.02
2818,9.86
2819,8.99
2820,8.69
2821,14.92
2822,9.35
2823,8.96
2824,10.3
2825,4.23
2826,9.02
2827,12.84
2828,8.6
2829,4.05
2830,9.68
2831,7.37
2832,9.16
2833,10.26
2834,13.44
2835,8.76
2836,10.34
2837,9.48
2838,8.93
2839,6.88
2840,7.7
2841,10.67
2842,14.06
2843,9.46
2844,9.65
2845,7.03
2846,11.57
2847,8.8
2848,12.13
2849,10.57
2850,8.7
2851,6.58
2852,9.92
2853,11.79
2854,8.88
2855,9.57
2856,7.06
2857,14.29
2858,7.86
2859,9.89
2860,11.87
2861,10.25
2862,8.65
2863,10.59
2864,10.81
2865,9.81
2866,10.79
2867,16.45
2868,8.87
2869,6.44
2870,7.44
2871,4.2
2872,7.62
2873,10.36
2874,7.49
2875,12.46
2876,12.69
2877,7.56
2878,9.34
2879,9.64
2880,13.58
2881,11.21
2882,13.52
2883,16.29
2884,11.07
2885,8.81
2886,7.36
2887,10.17
2888,6.28
2889,9.22
2890,10.95
2891,10.12
2892,8.68
2893,14.51
2894,9.19
2895,9.68
2896,8.32
2897,7.26
2898,11.85
2899,8.06
2900,8.27
2901,10.81
2902,8.82
2903,6.9
2904,11.45
2905,12.36
2906,9.49
2907,9.06
2908,7.83
2909,10.38
2910,12.49
2911,10.34
2912,9.95
2913,9.53
2914,6.95
2915,9.9
2916,9.41
2917,9.47
2918,7.74
2919,11.6
2920,3.99
2921,8.69
2922,9.56
2923,10.9
2924,11.24
